,duration_T5,duration_T20,duration_T55,numBouts_T5,numBouts_T20,numBouts_T55,avgBoutLen_T5,avgBoutLen_T20,avgBoutLen_T55
duration_T5,1.0,-0.927112228646708,0.2310479953340434,-0.22081938945665391,-0.897492687994818,0.46753638668222175,-0.5906957065142211,0.6171049211581943,0.24619936538864273
duration_T20,-0.927112228646708,1.0,-0.899963762198057,-0.7468758110444997,0.8004296831370898,0.5383287397232428,0.24147581327302325,0.3877976252658011,0.6675297230287178
duration_T55,0.2310479953340434,-0.899963762198057,1.0,-0.9055200938701153,-0.8390312404445026,-0.2892549178991377,0.30588390774434093,-0.8900064171455015,0.4387568301687357
numBouts_T5,-0.22081938945665391,-0.7468758110444997,-0.9055200938701153,1.0,-0.4810922172078216,0.13086141131314077,-0.7357729579963994,-0.21634336952426314,-0.49960981166508067
numBouts_T20,-0.897492687994818,0.8004296831370898,-0.8390312404445026,-0.4810922172078216,1.0,0.568492308051397,0.9487586461493314,-0.5507585598388769,0.9741075725966435
numBouts_T55,0.46753638668222175,0.5383287397232428,-0.2892549178991377,0.13086141131314077,0.568492308051397,1.0,0.5897578166992956,0.010274206629678595,-0.17181045701724695
avgBoutLen_T5,-0.5906957065142211,0.24147581327302325,0.30588390774434093,-0.7357729579963994,0.9487586461493314,0.5897578166992956,1.0,-0.9327009351694462,-0.436480754390026
avgBoutLen_T20,0.6171049211581943,0.3877976252658011,-0.8900064171455015,-0.21634336952426314,-0.5507585598388769,0.010274206629678595,-0.9327009351694462,1.0,0.8952582245873704
avgBoutLen_T55,0.24619936538864273,0.6675297230287178,0.4387568301687357,-0.49960981166508067,0.9741075725966435,-0.17181045701724695,-0.436480754390026,0.8952582245873704,1.0
