,duration_T5,duration_T20,duration_T55,numBouts_T5,numBouts_T20,numBouts_T55,avgBoutLen_T5,avgBoutLen_T20,avgBoutLen_T55
duration_T5,1.0,-0.22184264526977637,-0.11566101377066862,-0.09579857270903958,0.16839835867680542,0.5171788200833192,0.6915480276759733,0.018162119290929146,0.04575724371998491
duration_T20,-0.22184264526977637,1.0,-0.5319142387744986,-0.2992435761918888,-0.00034714201563579294,0.6785736056361293,-0.5019789798569858,-0.9347438145411051,0.31761469853458446
duration_T55,-0.11566101377066862,-0.5319142387744986,1.0,-0.8596757959300396,-0.71517062829731,-0.787816982015602,-0.8027079147755685,-0.1244603109156599,-0.030093232577734108
numBouts_T5,-0.09579857270903958,-0.2992435761918888,-0.8596757959300396,1.0,-0.5246505493891878,-0.24819145272233545,-0.3661424364733443,-0.9875342981869233,-0.7513413112801832
numBouts_T20,0.16839835867680542,-0.00034714201563579294,-0.71517062829731,-0.5246505493891878,1.0,-0.5879212626866068,0.4410246182239119,-0.9750915930094912,-0.9887608651730939
numBouts_T55,0.5171788200833192,0.6785736056361293,-0.787816982015602,-0.24819145272233545,-0.5879212626866068,1.0,0.14845319649112243,0.6036872225476411,0.3547057074405515
avgBoutLen_T5,0.6915480276759733,-0.5019789798569858,-0.8027079147755685,-0.3661424364733443,0.4410246182239119,0.14845319649112243,1.0,0.8753796211782201,-0.6750081220095143
avgBoutLen_T20,0.018162119290929146,-0.9347438145411051,-0.1244603109156599,-0.9875342981869233,-0.9750915930094912,0.6036872225476411,0.8753796211782201,1.0,0.20800076006503798
avgBoutLen_T55,0.04575724371998491,0.31761469853458446,-0.030093232577734108,-0.7513413112801832,-0.9887608651730939,0.3547057074405515,-0.6750081220095143,0.20800076006503798,1.0
