,duration_T5,duration_T20,duration_T55,numBouts_T5,numBouts_T20,numBouts_T55,avgBoutLen_T5,avgBoutLen_T20,avgBoutLen_T55
duration_T5,1.0,-0.9067013540170423,0.6969611848567123,-0.06685299898035102,-0.6241232745030152,-0.951210269060585,0.9804818038421308,-0.21201028711620373,-0.5726086230166596
duration_T20,-0.9067013540170423,1.0,0.38502416993502253,-0.9542428339872322,-0.6735009458921883,-0.9484521274564559,0.01066944706027284,0.9231858452520367,0.07725693125734767
duration_T55,0.6969611848567123,0.38502416993502253,1.0,0.6991729528316168,-0.824714299663821,0.023839937301393332,-0.4249918992967867,-0.8427377543332069,-0.30294363726079165
numBouts_T5,-0.06685299898035102,-0.9542428339872322,0.6991729528316168,1.0,0.2861165563751906,-0.6550419802491656,0.11270230361634015,0.9540150812813388,0.07219457209282387
numBouts_T20,-0.6241232745030152,-0.6735009458921883,-0.824714299663821,0.2861165563751906,1.0,-0.1723604142532391,0.9869596050970355,0.19888854096217257,0.36929227993093927
numBouts_T55,-0.951210269060585,-0.9484521274564559,0.023839937301393332,-0.6550419802491656,-0.1723604142532391,1.0,-0.8637725628434578,0.10723046548121151,0.8292475750194741
avgBoutLen_T5,0.9804818038421308,0.01066944706027284,-0.4249918992967867,0.11270230361634015,0.9869596050970355,-0.8637725628434578,1.0,0.19695997562445022,-0.37083971391716797
avgBoutLen_T20,-0.21201028711620373,0.9231858452520367,-0.8427377543332069,0.9540150812813388,0.19888854096217257,0.10723046548121151,0.19695997562445022,1.0,0.369455356082276
avgBoutLen_T55,-0.5726086230166596,0.07725693125734767,-0.30294363726079165,0.07219457209282387,0.36929227993093927,0.8292475750194741,-0.37083971391716797,0.369455356082276,1.0
