,duration_T5,duration_T20,duration_T55,numBouts_T5,numBouts_T20,numBouts_T55,avgBoutLen_T5,avgBoutLen_T20,avgBoutLen_T55
duration_T5,1.0,0.13848235327535896,-0.5697763538841045,0.61896807811945,0.041399584573247106,-0.660007595269474,0.919808623695245,0.4024563024097938,0.43081195794198135
duration_T20,0.13848235327535896,1.0,0.42399751233741556,-0.48811031520586834,-0.2760213938930127,0.5580357581000985,-0.3477938568889567,-0.9399934198445865,-0.9600102824765187
duration_T55,-0.5697763538841045,0.42399751233741556,1.0,0.7936603905674164,0.11583911657876489,0.7130366173700988,0.5195168921013542,-0.6586650057968209,-0.042425114992374224
numBouts_T5,0.61896807811945,-0.48811031520586834,0.7936603905674164,1.0,0.5125587160255882,-0.8757878593920139,-0.8174138905137049,-0.6098829143261886,0.8564186754259604
numBouts_T20,0.041399584573247106,-0.2760213938930127,0.11583911657876489,0.5125587160255882,1.0,0.7366330089363309,-0.4178497772754679,-0.9543415859645521,0.12880232175696782
numBouts_T55,-0.660007595269474,0.5580357581000985,0.7130366173700988,-0.8757878593920139,0.7366330089363309,1.0,0.6124379451017368,-0.8044300668514706,-0.24795704362756488
avgBoutLen_T5,0.919808623695245,-0.3477938568889567,0.5195168921013542,-0.8174138905137049,-0.4178497772754679,0.6124379451017368,1.0,0.520591216520331,0.052388284178636724
avgBoutLen_T20,0.4024563024097938,-0.9399934198445865,-0.6586650057968209,-0.6098829143261886,-0.9543415859645521,-0.8044300668514706,0.520591216520331,1.0,0.9460752591356574
avgBoutLen_T55,0.43081195794198135,-0.9600102824765187,-0.042425114992374224,0.8564186754259604,0.12880232175696782,-0.24795704362756488,0.052388284178636724,0.9460752591356574,1.0
