,duration_T5,duration_T20,duration_T55,numBouts_T5,numBouts_T20,numBouts_T55,avgBoutLen_T5,avgBoutLen_T20,avgBoutLen_T55
duration_T5,1.0,0.7335063723561981,0.4788882714862577,0.875326761146092,0.9885219663606191,-0.9035414660707834,-0.2000472645076523,-0.45165398521013267,-0.4133506346980853
duration_T20,0.7335063723561981,1.0,-0.6584054644800212,-0.5516787595167223,0.5275142402435664,-0.24963038764497947,-0.35042803178309057,0.9354406628578937,0.20841584089264908
duration_T55,0.4788882714862577,-0.6584054644800212,1.0,-0.5510271488538365,0.009471490484971978,0.9607870842061617,0.23373046786716678,0.10937127020749249,0.577719169537523
numBouts_T5,0.875326761146092,-0.5516787595167223,-0.5510271488538365,1.0,-0.12918417475233546,0.6208313641551924,-0.6579585091124287,-0.08406850925459053,-0.7245599134806502
numBouts_T20,0.9885219663606191,0.5275142402435664,0.009471490484971978,-0.12918417475233546,1.0,0.4926937861128984,0.6573867453324223,0.9579308103828625,0.9471641008188474
numBouts_T55,-0.9035414660707834,-0.24963038764497947,0.9607870842061617,0.6208313641551924,0.4926937861128984,1.0,-0.7549486906478291,-0.7236757637610283,0.23164739853255178
avgBoutLen_T5,-0.2000472645076523,-0.35042803178309057,0.23373046786716678,-0.6579585091124287,0.6573867453324223,-0.7549486906478291,1.0,0.6884291755765035,-0.5937785309385037
avgBoutLen_T20,-0.45165398521013267,0.9354406628578937,0.10937127020749249,-0.08406850925459053,0.9579308103828625,-0.7236757637610283,0.6884291755765035,1.0,-0.13047499863796874
avgBoutLen_T55,-0.4133506346980853,0.20841584089264908,0.577719169537523,-0.7245599134806502,0.9471641008188474,0.23164739853255178,-0.5937785309385037,-0.13047499863796874,1.0
