,duration_T5,duration_T20,duration_T55,numBouts_T5,numBouts_T20,numBouts_T55,avgBoutLen_T5,avgBoutLen_T20,avgBoutLen_T55
duration_T5,1.0,0.7259844165818148,0.44090237284119627,0.9728306056826654,0.5127196632136317,-0.8028927322604402,-0.13683404724271298,0.34748655024983943,0.9943476930468191
duration_T20,0.7259844165818148,1.0,0.9286709439881977,-0.590341425763707,0.7362434655942778,0.9648730415717541,-0.7372020914232573,0.9385723279270504,-0.15995793015686188
duration_T55,0.44090237284119627,0.9286709439881977,1.0,0.03523617525816536,0.939225791511134,0.068913745563016,-0.3915333035328139,0.916137037947359,0.08399245642099817
numBouts_T5,0.9728306056826654,-0.590341425763707,0.03523617525816536,1.0,-0.19776233188017756,-0.2816997369527383,0.6412178548186553,-0.12599315112255893,-0.4075720791646593
numBouts_T20,0.5127196632136317,0.7362434655942778,0.939225791511134,-0.19776233188017756,1.0,0.9231975163880723,0.8116910149424068,0.36231023570001253,-0.425230760013922
numBouts_T55,-0.8028927322604402,0.9648730415717541,0.068913745563016,-0.2816997369527383,0.9231975163880723,1.0,0.71258646918874,0.04129787587577427,0.022219011774010422
avgBoutLen_T5,-0.13683404724271298,-0.7372020914232573,-0.3915333035328139,0.6412178548186553,0.8116910149424068,0.71258646918874,1.0,-0.7508808845980874,-0.3257819182476318
avgBoutLen_T20,0.34748655024983943,0.9385723279270504,0.916137037947359,-0.12599315112255893,0.36231023570001253,0.04129787587577427,-0.7508808845980874,1.0,0.09476015393037729
avgBoutLen_T55,0.9943476930468191,-0.15995793015686188,0.08399245642099817,-0.4075720791646593,-0.425230760013922,0.022219011774010422,-0.3257819182476318,0.09476015393037729,1.0
