,duration_T5,duration_T20,duration_T55,numBouts_T5,numBouts_T20,numBouts_T55,avgBoutLen_T5,avgBoutLen_T20,avgBoutLen_T55
duration_T5,1.0,0.39569341289951665,-0.5688672791037199,0.913375773198762,0.6131538576812827,0.05907885341469843,-0.5135378291080364,0.09438548171362582,0.19905492636835942
duration_T20,0.39569341289951665,1.0,0.04736563537268279,0.4564317540287022,0.16723907104019986,0.46280421833590935,-0.7038107675510636,0.870778330683174,0.7226760545001267
duration_T55,-0.5688672791037199,0.04736563537268279,1.0,-0.004578806409462732,-0.4765588761383881,0.05258636826562668,0.8401293063835318,-0.1088254149647272,0.7690428365225637
numBouts_T5,0.913375773198762,0.4564317540287022,-0.004578806409462732,1.0,0.7844227897499734,-0.904200600179258,-0.6247720519444291,0.23683447440515581,-0.9061464429617194
numBouts_T20,0.6131538576812827,0.16723907104019986,-0.4765588761383881,0.7844227897499734,1.0,-0.6776281187359612,0.5432562576755127,0.6638609065172765,-0.476473776463354
numBouts_T55,0.05907885341469843,0.46280421833590935,0.05258636826562668,-0.904200600179258,-0.6776281187359612,1.0,-0.2865097674053676,0.15863162256904006,0.37349839146277053
avgBoutLen_T5,-0.5135378291080364,-0.7038107675510636,0.8401293063835318,-0.6247720519444291,0.5432562576755127,-0.2865097674053676,1.0,-0.7693438698708006,-0.14011044206979095
avgBoutLen_T20,0.09438548171362582,0.870778330683174,-0.1088254149647272,0.23683447440515581,0.6638609065172765,0.15863162256904006,-0.7693438698708006,1.0,0.09011425329368228
avgBoutLen_T55,0.19905492636835942,0.7226760545001267,0.7690428365225637,-0.9061464429617194,-0.476473776463354,0.37349839146277053,-0.14011044206979095,0.09011425329368228,1.0
