,duration_T5,duration_T20,duration_T55,numBouts_T5,numBouts_T20,numBouts_T55,avgBoutLen_T5,avgBoutLen_T20,avgBoutLen_T55
duration_T5,1.0,0.5642313115294295,0.7191315620532155,-0.2244502245785438,-0.12009037607205975,-0.27930845827309825,0.426025155736812,0.739938207825082,-0.28717396091688396
duration_T20,0.5642313115294295,1.0,0.858347746923001,-0.1591424964579744,0.7741547915592524,0.5758576819157133,-0.952044173844917,-0.3574699687235958,-0.005061337010816347
duration_T55,0.7191315620532155,0.858347746923001,1.0,-0.9377452513214797,0.14947189730367172,-0.07203347980407226,-0.0031899280427285515,-0.42420638462471594,-0.909771458140215
numBouts_T5,-0.2244502245785438,-0.1591424964579744,-0.9377452513214797,1.0,0.6195264260143061,-0.19150142365676204,-0.11079100014192256,0.578562481595956,0.4305784834420223
numBouts_T20,-0.12009037607205975,0.7741547915592524,0.14947189730367172,0.6195264260143061,1.0,0.8496760153038316,-0.8380674098413066,0.3488023269396483,0.36987801131114906
numBouts_T55,-0.27930845827309825,0.5758576819157133,-0.07203347980407226,-0.19150142365676204,0.8496760153038316,1.0,-0.04553916161238347,0.022600655312014828,-0.8915008555819639
avgBoutLen_T5,0.426025155736812,-0.952044173844917,-0.0031899280427285515,-0.11079100014192256,-0.8380674098413066,-0.04553916161238347,1.0,0.6324734466803592,0.8427606689732778
avgBoutLen_T20,0.739938207825082,-0.3574699687235958,-0.42420638462471594,0.578562481595956,0.3488023269396483,0.022600655312014828,0.6324734466803592,1.0,0.2646955893614036
avgBoutLen_T55,-0.28717396091688396,-0.005061337010816347,-0.909771458140215,0.4305784834420223,0.36987801131114906,-0.8915008555819639,0.8427606689732778,0.2646955893614036,1.0
