,duration_T5,duration_T20,duration_T55,numBouts_T5,numBouts_T20,numBouts_T55,avgBoutLen_T5,avgBoutLen_T20,avgBoutLen_T55
duration_T5,1.0,0.3759372550224489,0.39232023778137104,-0.9377915418080898,-0.5804020414648652,-0.03777197029976209,-0.2503365470331047,-0.7000564826848577,-0.5326072803512121
duration_T20,0.3759372550224489,1.0,0.8453507207051574,0.15017175078580136,0.6826457695697588,-0.19765383092279443,-0.9635271321998966,-0.9311803015616515,0.29331543125718884
duration_T55,0.39232023778137104,0.8453507207051574,1.0,-0.20938336334570962,0.8329021439040691,0.10615601803908503,0.034619129432808426,-0.9702731035443362,0.7006975510049789
numBouts_T5,-0.9377915418080898,0.15017175078580136,-0.20938336334570962,1.0,0.19541977029804047,-0.13916247198128429,0.28116921735518896,0.8583172940468278,-0.2660029204821175
numBouts_T20,-0.5804020414648652,0.6826457695697588,0.8329021439040691,0.19541977029804047,1.0,-0.06765263350548989,-0.7399722755598768,-0.8866777447206837,0.5756478090412969
numBouts_T55,-0.03777197029976209,-0.19765383092279443,0.10615601803908503,-0.13916247198128429,-0.06765263350548989,1.0,-0.21360462866746,0.4700429557075658,-0.9358212442074363
avgBoutLen_T5,-0.2503365470331047,-0.9635271321998966,0.034619129432808426,0.28116921735518896,-0.7399722755598768,-0.21360462866746,1.0,0.5638877807989917,0.4208924591891665
avgBoutLen_T20,-0.7000564826848577,-0.9311803015616515,-0.9702731035443362,0.8583172940468278,-0.8866777447206837,0.4700429557075658,0.5638877807989917,1.0,0.7522277595974813
avgBoutLen_T55,-0.5326072803512121,0.29331543125718884,0.7006975510049789,-0.2660029204821175,0.5756478090412969,-0.9358212442074363,0.4208924591891665,0.7522277595974813,1.0
