,duration_T5,duration_T20,duration_T55,numBouts_T5,numBouts_T20,numBouts_T55,avgBoutLen_T5,avgBoutLen_T20,avgBoutLen_T55
duration_T5,1.0,-0.13234262927731044,-0.3784907811769578,-0.547622693410637,-0.1989951070644549,0.34022156294812,-0.16665492995972597,-0.7338190096557284,0.5912838726118699
duration_T20,-0.13234262927731044,1.0,0.5735728517562082,-0.875946745252107,0.5669270671178539,0.8971201697994189,-0.024955903554602532,-0.3604209296599967,0.16092754759403483
duration_T55,-0.3784907811769578,0.5735728517562082,1.0,-0.5363877305515681,-0.7415122874821523,-0.8087540399303592,-0.8907540444976183,0.216117844920225,-0.1586501609662765
numBouts_T5,-0.547622693410637,-0.875946745252107,-0.5363877305515681,1.0,0.6114407605199841,-0.1275328598341765,-0.9855613939876429,-0.4095047755202976,0.5699351748668762
numBouts_T20,-0.1989951070644549,0.5669270671178539,-0.7415122874821523,0.6114407605199841,1.0,-0.5393103104009316,0.9301614031896663,-0.47837779313534257,0.6465170001980056
numBouts_T55,0.34022156294812,0.8971201697994189,-0.8087540399303592,-0.1275328598341765,-0.5393103104009316,1.0,0.7566702716713121,-0.2313159759945902,0.999684566506907
avgBoutLen_T5,-0.16665492995972597,-0.024955903554602532,-0.8907540444976183,-0.9855613939876429,0.9301614031896663,0.7566702716713121,1.0,0.7885323831307847,0.5064799411669649
avgBoutLen_T20,-0.7338190096557284,-0.3604209296599967,0.216117844920225,-0.4095047755202976,-0.47837779313534257,-0.2313159759945902,0.7885323831307847,1.0,-0.34310049735572723
avgBoutLen_T55,0.5912838726118699,0.16092754759403483,-0.1586501609662765,0.5699351748668762,0.6465170001980056,0.999684566506907,0.5064799411669649,-0.34310049735572723,1.0
