,duration_T5,duration_T20,duration_T55,numBouts_T5,numBouts_T20,numBouts_T55,avgBoutLen_T5,avgBoutLen_T20,avgBoutLen_T55
duration_T5,1.0,-0.5181774260754319,0.37963879296723,0.2219375286562979,0.8039018386719017,-0.7687706544043416,0.6795086195644362,0.4694901118178394,0.346232038242851
duration_T20,-0.5181774260754319,1.0,-0.12781534962775765,-0.3604358770881986,0.8066795762021677,0.6855627629419088,0.6007170433436106,-0.806270192675062,-0.35458277911722025
duration_T55,0.37963879296723,-0.12781534962775765,1.0,-0.04672065120246449,0.47063580027497576,0.05511585272746089,-0.17497356342647885,-0.7324321988458549,0.5853670557963775
numBouts_T5,0.2219375286562979,-0.3604358770881986,-0.04672065120246449,1.0,0.4454311596465321,0.4412155746367441,-0.8899592158907195,-0.0475861301212821,0.9911063819331265
numBouts_T20,0.8039018386719017,0.8066795762021677,0.47063580027497576,0.4454311596465321,1.0,0.22769044469296396,-0.35448333829592316,-0.6347672830107847,0.9394336426869845
numBouts_T55,-0.7687706544043416,0.6855627629419088,0.05511585272746089,0.4412155746367441,0.22769044469296396,1.0,0.5464269418949272,0.6221735935885357,0.6672262422971496
avgBoutLen_T5,0.6795086195644362,0.6007170433436106,-0.17497356342647885,-0.8899592158907195,-0.35448333829592316,0.5464269418949272,1.0,-0.8104051045349439,-0.849784237185705
avgBoutLen_T20,0.4694901118178394,-0.806270192675062,-0.7324321988458549,-0.0475861301212821,-0.6347672830107847,0.6221735935885357,-0.8104051045349439,1.0,0.619875853388983
avgBoutLen_T55,0.346232038242851,-0.35458277911722025,0.5853670557963775,0.9911063819331265,0.9394336426869845,0.6672262422971496,-0.849784237185705,0.619875853388983,1.0
