,duration_T5,duration_T20,duration_T55,numBouts_T5,numBouts_T20,numBouts_T55,avgBoutLen_T5,avgBoutLen_T20,avgBoutLen_T55
duration_T5,1.0,-0.45154997675736963,0.7047923442998949,0.2838950255826109,0.7479195697058609,0.329444747128562,-0.33307113245823405,0.7775242239011,0.7260704095470327
duration_T20,-0.45154997675736963,1.0,-0.19788361217612582,0.43866020528163596,0.20081449326770895,-0.09095957719503689,-0.5584201998003289,0.13599469851665313,-0.5668210135859251
duration_T55,0.7047923442998949,-0.19788361217612582,1.0,-0.7893463551206559,0.38460792754830897,0.7855401759813478,-0.8972537952069253,-0.7778929677614872,-0.22573533946646962
numBouts_T5,0.2838950255826109,0.43866020528163596,-0.7893463551206559,1.0,0.5778353987316338,-0.23376826127105566,0.020230834497798833,0.5507212386842879,-0.5490356736722737
numBouts_T20,0.7479195697058609,0.20081449326770895,0.38460792754830897,0.5778353987316338,1.0,-0.7525150382581971,-0.37306005844288914,-0.9727335477541139,-0.9418012407895842
numBouts_T55,0.329444747128562,-0.09095957719503689,0.7855401759813478,-0.23376826127105566,-0.7525150382581971,1.0,-0.9966353624646065,0.9846749169662461,-0.6999194324442823
avgBoutLen_T5,-0.33307113245823405,-0.5584201998003289,-0.8972537952069253,0.020230834497798833,-0.37306005844288914,-0.9966353624646065,1.0,-0.8742025294692513,0.5573006799536488
avgBoutLen_T20,0.7775242239011,0.13599469851665313,-0.7778929677614872,0.5507212386842879,-0.9727335477541139,0.9846749169662461,-0.8742025294692513,1.0,-0.6094708152192891
avgBoutLen_T55,0.7260704095470327,-0.5668210135859251,-0.22573533946646962,-0.5490356736722737,-0.9418012407895842,-0.6999194324442823,0.5573006799536488,-0.6094708152192891,1.0
