,duration_T5,duration_T20,duration_T55,numBouts_T5,numBouts_T20,numBouts_T55,avgBoutLen_T5,avgBoutLen_T20,avgBoutLen_T55
duration_T5,1.0,-0.6039185970977561,-0.7198707837990019,0.7868874449940719,0.15578273298104062,-0.07805148257963057,-0.6904418625126476,0.6108996796692057,-0.9296787891071039
duration_T20,-0.6039185970977561,1.0,-0.28826953154322177,-0.1257563580639871,-0.337415199924213,0.4568473226993395,-0.004611180630671452,0.5580403940858927,-0.5573087963203309
duration_T55,-0.7198707837990019,-0.28826953154322177,1.0,-0.003536718941862249,0.4773492538822708,0.8732563071346335,0.0009479433836458995,-0.15066216669445254,0.5809677518980128
numBouts_T5,0.7868874449940719,-0.1257563580639871,-0.003536718941862249,1.0,0.6823519652970849,0.7041218313877307,-0.03161203854343686,-0.43259845945775655,-0.8120850907324038
numBouts_T20,0.15578273298104062,-0.337415199924213,0.4773492538822708,0.6823519652970849,1.0,-0.5911656479102032,0.1847850222657217,0.34754901063376953,-0.04725215117577353
numBouts_T55,-0.07805148257963057,0.4568473226993395,0.8732563071346335,0.7041218313877307,-0.5911656479102032,1.0,-0.0009732001380571287,-0.2058620775799802,-0.25531729607594267
avgBoutLen_T5,-0.6904418625126476,-0.004611180630671452,0.0009479433836458995,-0.03161203854343686,0.1847850222657217,-0.0009732001380571287,1.0,-0.634574582361596,0.6768492767549827
avgBoutLen_T20,0.6108996796692057,0.5580403940858927,-0.15066216669445254,-0.43259845945775655,0.34754901063376953,-0.2058620775799802,-0.634574582361596,1.0,0.7543688731827216
avgBoutLen_T55,-0.9296787891071039,-0.5573087963203309,0.5809677518980128,-0.8120850907324038,-0.04725215117577353,-0.25531729607594267,0.6768492767549827,0.7543688731827216,1.0
