,duration_T5,duration_T20,duration_T55,numBouts_T5,numBouts_T20,numBouts_T55,avgBoutLen_T5,avgBoutLen_T20,avgBoutLen_T55
duration_T5,1.0,-0.5689973857735977,0.5814396234933954,0.3855726887399369,0.11539427234532895,0.9652081917834434,0.5356358828721057,0.6432206997596446,0.8051674616272431
duration_T20,-0.5689973857735977,1.0,0.036366519031469036,-0.037775700809544066,0.18794957379329058,0.4291696699302998,-0.42195530067683107,-0.012855918840213532,0.12688225954239285
duration_T55,0.5814396234933954,0.036366519031469036,1.0,-0.7162926055793144,-0.4570900626849912,0.8118505595156307,-0.4266685066184914,0.697810416808716,0.22489548442386842
numBouts_T5,0.3855726887399369,-0.037775700809544066,-0.7162926055793144,1.0,-0.22439983825639853,-0.814877123954266,-0.6132396829458806,0.6138489955292776,-0.21573032915974166
numBouts_T20,0.11539427234532895,0.18794957379329058,-0.4570900626849912,-0.22439983825639853,1.0,0.939566236095001,0.18114655455015494,0.05531339628463772,-0.5627465538949836
numBouts_T55,0.9652081917834434,0.4291696699302998,0.8118505595156307,-0.814877123954266,0.939566236095001,1.0,0.026405002292806623,0.41232843320737134,0.1057982945837248
avgBoutLen_T5,0.5356358828721057,-0.42195530067683107,-0.4266685066184914,-0.6132396829458806,0.18114655455015494,0.026405002292806623,1.0,0.3956540680549254,-0.5611453949907406
avgBoutLen_T20,0.6432206997596446,-0.012855918840213532,0.697810416808716,0.6138489955292776,0.05531339628463772,0.41232843320737134,0.3956540680549254,1.0,0.8678772195316529
avgBoutLen_T55,0.8051674616272431,0.12688225954239285,0.22489548442386842,-0.21573032915974166,-0.5627465538949836,0.1057982945837248,-0.5611453949907406,0.8678772195316529,1.0
