,duration_T5,duration_T20,duration_T55,numBouts_T5,numBouts_T20,numBouts_T55,avgBoutLen_T5,avgBoutLen_T20,avgBoutLen_T55
duration_T5,1.0,0.2410850988130575,0.829400631872927,-0.9934192672853774,-0.2590936566750055,0.43527948146633677,-0.46413018106445003,-0.10706896066929406,-0.08113583894854726
duration_T20,0.2410850988130575,1.0,-0.8950518977958728,-0.25202141446586146,0.9839486735374305,0.6922894982690508,-0.4025723995058015,0.8697726861351218,0.5120707085654976
duration_T55,0.829400631872927,-0.8950518977958728,1.0,0.9312155905018982,-0.5004081879939286,0.5289745539639252,-0.771122128345479,-0.3392684954277414,-0.5674504315949307
numBouts_T5,-0.9934192672853774,-0.25202141446586146,0.9312155905018982,1.0,0.28353946732601054,0.3365711120112662,0.13420317267184956,0.15933730398637858,-0.39572167816543624
numBouts_T20,-0.2590936566750055,0.9839486735374305,-0.5004081879939286,0.28353946732601054,1.0,0.8927617887016761,-0.4853395187184262,-0.5359069360766917,-0.7238397009588331
numBouts_T55,0.43527948146633677,0.6922894982690508,0.5289745539639252,0.3365711120112662,0.8927617887016761,1.0,0.36897638355777107,0.8758919621636578,-0.6461045107627141
avgBoutLen_T5,-0.46413018106445003,-0.4025723995058015,-0.771122128345479,0.13420317267184956,-0.4853395187184262,0.36897638355777107,1.0,0.09517284967691308,-0.48832008054576415
avgBoutLen_T20,-0.10706896066929406,0.8697726861351218,-0.3392684954277414,0.15933730398637858,-0.5359069360766917,0.8758919621636578,0.09517284967691308,1.0,-0.32784623040992944
avgBoutLen_T55,-0.08113583894854726,0.5120707085654976,-0.5674504315949307,-0.39572167816543624,-0.7238397009588331,-0.6461045107627141,-0.48832008054576415,-0.32784623040992944,1.0
