,duration_T5,duration_T20,duration_T55,numBouts_T5,numBouts_T20,numBouts_T55,avgBoutLen_T5,avgBoutLen_T20,avgBoutLen_T55
duration_T5,1.0,-0.11903643143034826,-0.22360282781968221,0.7203232713161498,-0.9826666345764699,-0.8612736396121854,0.27518793257569185,-0.20099645862482585,0.03611469919255916
duration_T20,-0.11903643143034826,1.0,0.1834497841574383,0.2078543637920256,0.5615779751324321,0.9727577945665291,-0.5369245072728237,-0.2846481869103834,0.18189390287650276
duration_T55,-0.22360282781968221,0.1834497841574383,1.0,-0.6202225967658488,-0.27260904529627394,-0.044520318417766935,-0.3925322453553002,-0.7463515663624325,0.46583921741083767
numBouts_T5,0.7203232713161498,0.2078543637920256,-0.6202225967658488,1.0,-0.5269972646466401,0.7204428030800356,0.6755370435522463,0.3393860761064935,-0.9913750199603732
numBouts_T20,-0.9826666345764699,0.5615779751324321,-0.27260904529627394,-0.5269972646466401,1.0,-0.47326391991199057,-0.21243920273033856,0.5695894425753407,-0.6038431961421566
numBouts_T55,-0.8612736396121854,0.9727577945665291,-0.044520318417766935,0.7204428030800356,-0.47326391991199057,1.0,-0.6919549994173144,-0.9824934039601743,-0.1970017995137825
avgBoutLen_T5,0.27518793257569185,-0.5369245072728237,-0.3925322453553002,0.6755370435522463,-0.21243920273033856,-0.6919549994173144,1.0,0.5615966825437373,-0.3718319991887633
avgBoutLen_T20,-0.20099645862482585,-0.2846481869103834,-0.7463515663624325,0.3393860761064935,0.5695894425753407,-0.9824934039601743,0.5615966825437373,1.0,0.1308003667887776
avgBoutLen_T55,0.03611469919255916,0.18189390287650276,0.46583921741083767,-0.9913750199603732,-0.6038431961421566,-0.1970017995137825,-0.3718319991887633,0.1308003667887776,1.0
