,duration_T5,duration_T20,duration_T55,numBouts_T5,numBouts_T20,numBouts_T55,avgBoutLen_T5,avgBoutLen_T20,avgBoutLen_T55
duration_T5,1.0,-0.4087088192292918,-0.6773370924749789,0.7522866906821437,-0.26618630954571554,0.11902122583876107,-0.5137833275291428,-0.7401570186903661,0.5215709917556921
duration_T20,-0.4087088192292918,1.0,-0.12687797971731296,-0.07258150821942833,0.3689071115474798,0.8639082788257768,-0.5706831649787367,-0.6799035850712849,-0.33676878892805084
duration_T55,-0.6773370924749789,-0.12687797971731296,1.0,0.32845631930812336,-0.9812936745792376,0.3951461749948817,-0.8237360771002462,-0.91758819669655,0.6168589596852259
numBouts_T5,0.7522866906821437,-0.07258150821942833,0.32845631930812336,1.0,-0.13917686168928234,-0.055452297222988944,0.34957090577246386,0.04173908583331265,0.2829889241545871
numBouts_T20,-0.26618630954571554,0.3689071115474798,-0.9812936745792376,-0.13917686168928234,1.0,0.5001281210635222,-0.7121674956385144,-0.3140981659344748,-0.2721011053770508
numBouts_T55,0.11902122583876107,0.8639082788257768,0.3951461749948817,-0.055452297222988944,0.5001281210635222,1.0,0.9444239552263332,-0.6176954422215732,-0.02264652671825318
avgBoutLen_T5,-0.5137833275291428,-0.5706831649787367,-0.8237360771002462,0.34957090577246386,-0.7121674956385144,0.9444239552263332,1.0,0.5976670665903412,0.061070813661906476
avgBoutLen_T20,-0.7401570186903661,-0.6799035850712849,-0.91758819669655,0.04173908583331265,-0.3140981659344748,-0.6176954422215732,0.5976670665903412,1.0,-0.5488865147536941
avgBoutLen_T55,0.5215709917556921,-0.33676878892805084,0.6168589596852259,0.2829889241545871,-0.2721011053770508,-0.02264652671825318,0.061070813661906476,-0.5488865147536941,1.0
