,duration_T5,duration_T20,duration_T55,numBouts_T5,numBouts_T20,numBouts_T55,avgBoutLen_T5,avgBoutLen_T20,avgBoutLen_T55
duration_T5,1.0,0.304125361658637,0.24873068306362933,-0.526748680897843,-0.703329755815826,-0.2740944851922078,0.3473962076568653,-0.574530592607718,-0.2457801002842277
duration_T20,0.304125361658637,1.0,-0.4926679201701025,0.3074959988066919,0.007723214804217671,-0.01334540952762242,-0.627283964471687,0.22365798638248102,0.1714275892734014
duration_T55,0.24873068306362933,-0.4926679201701025,1.0,-0.09766294640388495,-0.09841234009223854,-0.5363073017573416,0.7440908956998433,0.03501299766324473,-0.14386070207497959
numBouts_T5,-0.526748680897843,0.3074959988066919,-0.09766294640388495,1.0,0.16748555435385826,0.4026783747652649,-0.792928519133429,0.39686420355498986,-0.8068572455065806
numBouts_T20,-0.703329755815826,0.007723214804217671,-0.09841234009223854,0.16748555435385826,1.0,0.2898511808980637,-0.476599824565074,-0.8482080914451158,-0.9940086708803222
numBouts_T55,-0.2740944851922078,-0.01334540952762242,-0.5363073017573416,0.4026783747652649,0.2898511808980637,1.0,-0.5413171187778048,-0.9355799872811206,0.6759253534713923
avgBoutLen_T5,0.3473962076568653,-0.627283964471687,0.7440908956998433,-0.792928519133429,-0.476599824565074,-0.5413171187778048,1.0,0.9718416663389224,-0.3687494870424075
avgBoutLen_T20,-0.574530592607718,0.22365798638248102,0.03501299766324473,0.39686420355498986,-0.8482080914451158,-0.9355799872811206,0.9718416663389224,1.0,0.38513197170193214
avgBoutLen_T55,-0.2457801002842277,0.1714275892734014,-0.14386070207497959,-0.8068572455065806,-0.9940086708803222,0.6759253534713923,-0.3687494870424075,0.38513197170193214,1.0
