,duration_T5,duration_T20,duration_T55,numBouts_T5,numBouts_T20,numBouts_T55,avgBoutLen_T5,avgBoutLen_T20,avgBoutLen_T55
duration_T5,1.0,-0.9294841549094901,-0.8679008461612263,-0.3459767407977863,0.5500616006407051,0.017073303911585125,0.7109835615929847,-0.5405960388352702,-0.18413429962296268
duration_T20,-0.9294841549094901,1.0,-0.8938824739634323,0.30885652628887184,0.15381851546373126,0.031054705249356385,-0.354423815684235,-0.2812253571223562,0.266389211927607
duration_T55,-0.8679008461612263,-0.8938824739634323,1.0,-0.60884710633703,0.1174543497482814,0.8461190021803324,0.8153234136044649,-0.8510611268937347,0.4394530011667772
numBouts_T5,-0.3459767407977863,0.30885652628887184,-0.60884710633703,1.0,-0.9194388694049858,0.9090076346178211,0.9501673728189965,0.9572579211625774,-0.40154752402214156
numBouts_T20,0.5500616006407051,0.15381851546373126,0.1174543497482814,-0.9194388694049858,1.0,0.7073628233627247,0.46470293563449827,-0.37199786591040307,0.7895147304201087
numBouts_T55,0.017073303911585125,0.031054705249356385,0.8461190021803324,0.9090076346178211,0.7073628233627247,1.0,0.042817795768528066,0.017157418625531218,-0.8377910564810225
avgBoutLen_T5,0.7109835615929847,-0.354423815684235,0.8153234136044649,0.9501673728189965,0.46470293563449827,0.042817795768528066,1.0,-0.02245053585707657,-0.5840467998210537
avgBoutLen_T20,-0.5405960388352702,-0.2812253571223562,-0.8510611268937347,0.9572579211625774,-0.37199786591040307,0.017157418625531218,-0.02245053585707657,1.0,-0.7848840696306771
avgBoutLen_T55,-0.18413429962296268,0.266389211927607,0.4394530011667772,-0.40154752402214156,0.7895147304201087,-0.8377910564810225,-0.5840467998210537,-0.7848840696306771,1.0
