,duration_T5,duration_T20,duration_T55,numBouts_T5,numBouts_T20,numBouts_T55,avgBoutLen_T5,avgBoutLen_T20,avgBoutLen_T55
duration_T5,1.0,-0.48185347546799284,0.2164796405213829,-0.3227122782420264,0.8791096758840204,0.8154667948848611,0.6853876211605225,0.17389994438269452,0.17665410945819282
duration_T20,-0.48185347546799284,1.0,0.9040267008250777,-0.11164476316654603,-0.7433724406324673,0.2696603121416119,-0.017439960211971695,-0.059934187087205215,0.8920376944285942
duration_T55,0.2164796405213829,0.9040267008250777,1.0,0.4620656178104561,0.6469097350033644,0.593924488449272,0.06937548786057324,0.23610751549322195,-0.21912172200806435
numBouts_T5,-0.3227122782420264,-0.11164476316654603,0.4620656178104561,1.0,-0.7073568510103767,0.13226577447740473,0.4569346263293994,-0.9732380812849852,-0.6326976693470403
numBouts_T20,0.8791096758840204,-0.7433724406324673,0.6469097350033644,-0.7073568510103767,1.0,-0.9510113091024872,0.17235295983041632,-0.5937229142136464,0.47155739634708627
numBouts_T55,0.8154667948848611,0.2696603121416119,0.593924488449272,0.13226577447740473,-0.9510113091024872,1.0,-0.7202500997882564,0.6936687637928223,-0.2874186445279634
avgBoutLen_T5,0.6853876211605225,-0.017439960211971695,0.06937548786057324,0.4569346263293994,0.17235295983041632,-0.7202500997882564,1.0,-0.6596061133264199,0.7827424539153269
avgBoutLen_T20,0.17389994438269452,-0.059934187087205215,0.23610751549322195,-0.9732380812849852,-0.5937229142136464,0.6936687637928223,-0.6596061133264199,1.0,0.7524229675224785
avgBoutLen_T55,0.17665410945819282,0.8920376944285942,-0.21912172200806435,-0.6326976693470403,0.47155739634708627,-0.2874186445279634,0.7827424539153269,0.7524229675224785,1.0
