,duration_T5,duration_T20,duration_T55,numBouts_T5,numBouts_T20,numBouts_T55,avgBoutLen_T5,avgBoutLen_T20,avgBoutLen_T55
duration_T5,1.0,-0.8657967337428405,-0.7399640420006279,0.6936236266777109,0.969707531374584,0.08695350220487419,0.0611413143475128,0.625053725115946,-0.17361522236759086
duration_T20,-0.8657967337428405,1.0,0.6267561469746161,0.4826362484156759,0.7145091696116035,-0.9646218996156892,-0.3882873955676871,-0.15605852874721005,-0.9566463932446587
duration_T55,-0.7399640420006279,0.6267561469746161,1.0,0.6374468932135517,-0.28509137443357235,0.7925383015141283,0.7655916893804484,-0.35333984337946833,0.7966632183716953
numBouts_T5,0.6936236266777109,0.4826362484156759,0.6374468932135517,1.0,-0.3469190999382519,-0.5537810629511362,-0.06718524896760236,0.17467071602221074,-0.23220053028101328
numBouts_T20,0.969707531374584,0.7145091696116035,-0.28509137443357235,-0.3469190999382519,1.0,-0.3317616451987411,-0.04930545354076532,0.030772657500256262,0.11318397767154509
numBouts_T55,0.08695350220487419,-0.9646218996156892,0.7925383015141283,-0.5537810629511362,-0.3317616451987411,1.0,-0.09528677204126712,-0.6421557835562073,0.9541985771643693
avgBoutLen_T5,0.0611413143475128,-0.3882873955676871,0.7655916893804484,-0.06718524896760236,-0.04930545354076532,-0.09528677204126712,1.0,-0.28065630729856084,0.028768424722427133
avgBoutLen_T20,0.625053725115946,-0.15605852874721005,-0.35333984337946833,0.17467071602221074,0.030772657500256262,-0.6421557835562073,-0.28065630729856084,1.0,0.1496665529614405
avgBoutLen_T55,-0.17361522236759086,-0.9566463932446587,0.7966632183716953,-0.23220053028101328,0.11318397767154509,0.9541985771643693,0.028768424722427133,0.1496665529614405,1.0
