,duration_T5,duration_T20,duration_T55,numBouts_T5,numBouts_T20,numBouts_T55,avgBoutLen_T5,avgBoutLen_T20,avgBoutLen_T55
duration_T5,1.0,0.12748744237334386,-0.5220026834661871,0.26427334271407577,-0.44100839801998304,-0.4534733808290403,0.4808255648792439,-0.6274761659225492,0.7557416211685981
duration_T20,0.12748744237334386,1.0,0.18502299323211546,-0.3421052090673524,-0.13127090427118016,0.7112218633671428,0.6186226740646616,0.8637867396583421,-0.7087152784849946
duration_T55,-0.5220026834661871,0.18502299323211546,1.0,-0.2780111949489521,0.5553291959701587,-0.3378674443619809,-0.978706395099753,-0.18017157127320593,-0.26751664378608186
numBouts_T5,0.26427334271407577,-0.3421052090673524,-0.2780111949489521,1.0,-0.37705486432109203,0.6372612146944301,0.9403386479383247,0.01764921334558056,-0.661123456831948
numBouts_T20,-0.44100839801998304,-0.13127090427118016,0.5553291959701587,-0.37705486432109203,1.0,0.5253969966602403,0.6130410456319624,-0.14295581468426755,-0.4759980259485883
numBouts_T55,-0.4534733808290403,0.7112218633671428,-0.3378674443619809,0.6372612146944301,0.5253969966602403,1.0,0.7957221362147495,0.7326554193996897,-0.714485254981617
avgBoutLen_T5,0.4808255648792439,0.6186226740646616,-0.978706395099753,0.9403386479383247,0.6130410456319624,0.7957221362147495,1.0,-0.8859149908662836,0.9319368526678573
avgBoutLen_T20,-0.6274761659225492,0.8637867396583421,-0.18017157127320593,0.01764921334558056,-0.14295581468426755,0.7326554193996897,-0.8859149908662836,1.0,0.7163252489887357
avgBoutLen_T55,0.7557416211685981,-0.7087152784849946,-0.26751664378608186,-0.661123456831948,-0.4759980259485883,-0.714485254981617,0.9319368526678573,0.7163252489887357,1.0
