,duration_T5,duration_T20,duration_T55,numBouts_T5,numBouts_T20,numBouts_T55,avgBoutLen_T5,avgBoutLen_T20,avgBoutLen_T55
duration_T5,1.0,-0.8160373622505621,0.8976766456246241,-0.28114993305691094,0.035085005318737705,0.3101772208228186,0.04775332072194116,0.030926913648713583,0.2185132699229606
duration_T20,-0.8160373622505621,1.0,-0.4214767006000284,-0.6512591925534754,0.06299570107782482,0.5552417301932036,-0.3786143835146878,0.012306068230589107,0.5256316828039453
duration_T55,0.8976766456246241,-0.4214767006000284,1.0,0.7940394990153274,0.4084377128880199,-0.7347838191565066,0.836939932708775,-0.9507702266119666,-0.24676340652784767
numBouts_T5,-0.28114993305691094,-0.6512591925534754,0.7940394990153274,1.0,-0.11853216209470108,-0.508638056174616,0.7800720846131737,-0.8373962896801761,0.7434007444915074
numBouts_T20,0.035085005318737705,0.06299570107782482,0.4084377128880199,-0.11853216209470108,1.0,0.47930894054603845,-0.850197352328949,-0.10930425462077253,-0.2755982188135526
numBouts_T55,0.3101772208228186,0.5552417301932036,-0.7347838191565066,-0.508638056174616,0.47930894054603845,1.0,0.14248201570759966,0.2307574042732079,0.35946633308718634
avgBoutLen_T5,0.04775332072194116,-0.3786143835146878,0.836939932708775,0.7800720846131737,-0.850197352328949,0.14248201570759966,1.0,-0.593620094134415,0.4401409034248671
avgBoutLen_T20,0.030926913648713583,0.012306068230589107,-0.9507702266119666,-0.8373962896801761,-0.10930425462077253,0.2307574042732079,-0.593620094134415,1.0,0.4858258511940894
avgBoutLen_T55,0.2185132699229606,0.5256316828039453,-0.24676340652784767,0.7434007444915074,-0.2755982188135526,0.35946633308718634,0.4401409034248671,0.4858258511940894,1.0
