,duration_T5,duration_T20,duration_T55,numBouts_T5,numBouts_T20,numBouts_T55,avgBoutLen_T5,avgBoutLen_T20,avgBoutLen_T55
duration_T5,1.0,-0.5907170572063241,0.6369584334493743,-0.18149221839358387,0.658684674524401,-0.053954005094116075,0.6964499826076096,-0.15597363573797818,-0.6262446505285213
duration_T20,-0.5907170572063241,1.0,-0.2869729468571538,0.3440998799017039,-0.8036905025213488,-0.09204565414793064,-0.5296788281757947,-0.44928532415680267,-0.4259719147269163
duration_T55,0.6369584334493743,-0.2869729468571538,1.0,-0.17102871422402477,0.5633047598652166,0.8452790931332457,-0.7849553219379735,0.2714476556080927,0.5421333799716219
numBouts_T5,-0.18149221839358387,0.3440998799017039,-0.17102871422402477,1.0,0.16855397335991307,0.028203777643657446,-0.25717941167804037,0.7286747921035239,0.7590734726540584
numBouts_T20,0.658684674524401,-0.8036905025213488,0.5633047598652166,0.16855397335991307,1.0,0.17396141489852202,0.6111719063785788,0.2111161012424536,-0.6082444721653446
numBouts_T55,-0.053954005094116075,-0.09204565414793064,0.8452790931332457,0.028203777643657446,0.17396141489852202,1.0,0.4187939291530727,0.7102799550933125,0.779119920329564
avgBoutLen_T5,0.6964499826076096,-0.5296788281757947,-0.7849553219379735,-0.25717941167804037,0.6111719063785788,0.4187939291530727,1.0,-0.10163702139035635,0.3337764520015394
avgBoutLen_T20,-0.15597363573797818,-0.44928532415680267,0.2714476556080927,0.7286747921035239,0.2111161012424536,0.7102799550933125,-0.10163702139035635,1.0,0.4212187462450656
avgBoutLen_T55,-0.6262446505285213,-0.4259719147269163,0.5421333799716219,0.7590734726540584,-0.6082444721653446,0.779119920329564,0.3337764520015394,0.4212187462450656,1.0
