,duration_T5,duration_T20,duration_T55,numBouts_T5,numBouts_T20,numBouts_T55,avgBoutLen_T5,avgBoutLen_T20,avgBoutLen_T55
duration_T5,1.0,-0.9320140739959726,-0.11738340444629092,-0.7969424844154784,0.37817139446320347,0.7411373539053994,-0.5800931671759302,0.8957536243259538,0.20284064207814612
duration_T20,-0.9320140739959726,1.0,0.45099136555905517,-0.7402075986159455,-0.18287010288737782,-0.0041216026898873714,0.031866751766397305,-0.5289843004671173,0.419307677263967
duration_T55,-0.11738340444629092,0.45099136555905517,1.0,0.7481376373486304,0.16999942943302915,-0.9200873741672828,0.40658557496351055,-0.4898352232786374,-0.24806073360047187
numBouts_T5,-0.7969424844154784,-0.7402075986159455,0.7481376373486304,1.0,0.35323837593771557,-0.08260491066517717,-0.9561931540405075,0.04048488592967958,0.8035715528699618
numBouts_T20,0.37817139446320347,-0.18287010288737782,0.16999942943302915,0.35323837593771557,1.0,0.6514942425468777,0.46863449708846394,-0.9552575073234715,-0.40917058297886433
numBouts_T55,0.7411373539053994,-0.0041216026898873714,-0.9200873741672828,-0.08260491066517717,0.6514942425468777,1.0,-0.7863083929513128,0.5135609764511941,0.1540812393211397
avgBoutLen_T5,-0.5800931671759302,0.031866751766397305,0.40658557496351055,-0.9561931540405075,0.46863449708846394,-0.7863083929513128,1.0,-0.6500256132832998,-0.5541741924967851
avgBoutLen_T20,0.8957536243259538,-0.5289843004671173,-0.4898352232786374,0.04048488592967958,-0.9552575073234715,0.5135609764511941,-0.6500256132832998,1.0,-0.10569853372249338
avgBoutLen_T55,0.20284064207814612,0.419307677263967,-0.24806073360047187,0.8035715528699618,-0.40917058297886433,0.1540812393211397,-0.5541741924967851,-0.10569853372249338,1.0
