,duration_T5,duration_T20,duration_T55,numBouts_T5,numBouts_T20,numBouts_T55,avgBoutLen_T5,avgBoutLen_T20,avgBoutLen_T55
duration_T5,1.0,-0.3795521794978147,-0.260698372492024,-0.09879635593960057,-0.4995243298986307,0.26554088996397507,-0.718637765823942,-0.1498078917721899,-0.7971641285479376
duration_T20,-0.3795521794978147,1.0,0.4912673052917427,0.8526011550735517,-0.6667320391417944,-0.21447283444315968,0.636423537085617,-0.2642482605792833,-0.17027180066469239
duration_T55,-0.260698372492024,0.4912673052917427,1.0,-0.6326369728305095,0.8475133703490896,-0.38284908136757867,0.7867387986660259,0.9530559320199898,0.2148108220960112
numBouts_T5,-0.09879635593960057,0.8526011550735517,-0.6326369728305095,1.0,-0.43554586200040823,-0.1284439925942975,-0.0009234632345573868,-0.32162161007190493,-0.3076047181899937
numBouts_T20,-0.4995243298986307,-0.6667320391417944,0.8475133703490896,-0.43554586200040823,1.0,-0.5516839118572359,0.06622766073110564,0.13405275025311436,0.05134914078207142
numBouts_T55,0.26554088996397507,-0.21447283444315968,-0.38284908136757867,-0.1284439925942975,-0.5516839118572359,1.0,0.01633157184145917,-0.3004449092460928,-0.06636556753512246
avgBoutLen_T5,-0.718637765823942,0.636423537085617,0.7867387986660259,-0.0009234632345573868,0.06622766073110564,0.01633157184145917,1.0,-0.7544571913593683,-0.8597963038475573
avgBoutLen_T20,-0.1498078917721899,-0.2642482605792833,0.9530559320199898,-0.32162161007190493,0.13405275025311436,-0.3004449092460928,-0.7544571913593683,1.0,-0.05618335913477601
avgBoutLen_T55,-0.7971641285479376,-0.17027180066469239,0.2148108220960112,-0.3076047181899937,0.05134914078207142,-0.06636556753512246,-0.8597963038475573,-0.05618335913477601,1.0
