,duration_T5,duration_T20,duration_T55,numBouts_T5,numBouts_T20,numBouts_T55,avgBoutLen_T5,avgBoutLen_T20,avgBoutLen_T55
duration_T5,1.0,0.8120824706152865,0.2203936505567503,-0.945356458467262,-0.5155932764428486,-0.9935498167281542,0.36899833984220254,0.07859445509215712,0.14142350134183124
duration_T20,0.8120824706152865,1.0,0.21953002455200332,0.9290275749768078,0.2742756883244637,-0.4016611160812045,-0.05716998748932123,-0.7612140195353929,-0.117205624265041
duration_T55,0.2203936505567503,0.21953002455200332,1.0,-0.8117358326028443,0.8003173722692027,0.13526313702835036,0.9638025100040177,-0.7204106024070991,-0.3200449556456373
numBouts_T5,-0.945356458467262,0.9290275749768078,-0.8117358326028443,1.0,0.7423175175436063,0.9415771752418303,-0.9915748585186408,0.16091074185813592,0.487752715507793
numBouts_T20,-0.5155932764428486,0.2742756883244637,0.8003173722692027,0.7423175175436063,1.0,0.45657999756203793,0.05141751452365839,0.672835358922923,-0.3254755910799194
numBouts_T55,-0.9935498167281542,-0.4016611160812045,0.13526313702835036,0.9415771752418303,0.45657999756203793,1.0,-0.7044978734361942,-0.46204143757619476,-0.3676354569218909
avgBoutLen_T5,0.36899833984220254,-0.05716998748932123,0.9638025100040177,-0.9915748585186408,0.05141751452365839,-0.7044978734361942,1.0,0.38247451528725596,0.7356090665162953
avgBoutLen_T20,0.07859445509215712,-0.7612140195353929,-0.7204106024070991,0.16091074185813592,0.672835358922923,-0.46204143757619476,0.38247451528725596,1.0,-0.9400459145427993
avgBoutLen_T55,0.14142350134183124,-0.117205624265041,-0.3200449556456373,0.487752715507793,-0.3254755910799194,-0.3676354569218909,0.7356090665162953,-0.9400459145427993,1.0
