,duration_T5,duration_T20,duration_T55,numBouts_T5,numBouts_T20,numBouts_T55,avgBoutLen_T5,avgBoutLen_T20,avgBoutLen_T55
duration_T5,1.0,-0.7455463603174985,-0.7026117754200487,0.5684778589540083,0.4092697761738342,-0.6589628745482283,-0.5868703136544349,0.647435887219048,-0.2948934215823842
duration_T20,-0.7455463603174985,1.0,-0.016662947054360222,-0.7735565333964989,-0.6308777610804392,-0.7848754273377481,0.6985935235011156,0.08933522926293946,-0.0954281566447921
duration_T55,-0.7026117754200487,-0.016662947054360222,1.0,0.8066648063746173,0.5518949902358037,0.7215937712138598,-0.8018737556952704,0.37722815674504995,-0.5817363681053207
numBouts_T5,0.5684778589540083,-0.7735565333964989,0.8066648063746173,1.0,-0.24361442641304287,-0.37017007093720866,-0.19765827809277536,0.6846737616505159,0.033274761121670604
numBouts_T20,0.4092697761738342,-0.6308777610804392,0.5518949902358037,-0.24361442641304287,1.0,-0.7211440417353565,-0.379114811375439,-0.7610817204149272,0.21535622474385896
numBouts_T55,-0.6589628745482283,-0.7848754273377481,0.7215937712138598,-0.37017007093720866,-0.7211440417353565,1.0,0.05039719105137275,0.7135974173040895,-0.6579778309145139
avgBoutLen_T5,-0.5868703136544349,0.6985935235011156,-0.8018737556952704,-0.19765827809277536,-0.379114811375439,0.05039719105137275,1.0,0.0636166004186336,0.43091219131485214
avgBoutLen_T20,0.647435887219048,0.08933522926293946,0.37722815674504995,0.6846737616505159,-0.7610817204149272,0.7135974173040895,0.0636166004186336,1.0,0.08902281918130339
avgBoutLen_T55,-0.2948934215823842,-0.0954281566447921,-0.5817363681053207,0.033274761121670604,0.21535622474385896,-0.6579778309145139,0.43091219131485214,0.08902281918130339,1.0
