,duration_T5,duration_T20,duration_T55,numBouts_T5,numBouts_T20,numBouts_T55,avgBoutLen_T5,avgBoutLen_T20,avgBoutLen_T55
duration_T5,1.0,0.8827161055307735,0.7741335438007559,-0.2279163378904676,-0.965603486859469,0.036117587508119886,0.599305815137132,0.3230024023534728,-0.08834856027115068
duration_T20,0.8827161055307735,1.0,-0.7525589394476229,-0.8281005116083051,-0.47045627641580534,-0.06164811300748285,0.12866428043815326,-0.8197524714849007,-0.9619595719236012
duration_T55,0.7741335438007559,-0.7525589394476229,1.0,0.27883245528056166,0.24335770584884187,0.1227514568165935,0.1838997701819982,-0.5400519906917851,0.20411165146015842
numBouts_T5,-0.2279163378904676,-0.8281005116083051,0.27883245528056166,1.0,-0.018367231110024695,-0.9783982432534848,-0.0951340315762148,-0.7838861004396147,-0.6311491633539612
numBouts_T20,-0.965603486859469,-0.47045627641580534,0.24335770584884187,-0.018367231110024695,1.0,0.34402827416406345,-0.6921582257349603,-0.18826784142674247,0.5398423207326049
numBouts_T55,0.036117587508119886,-0.06164811300748285,0.1227514568165935,-0.9783982432534848,0.34402827416406345,1.0,-0.8459369717812186,0.5743157117917626,-0.23664678275599527
avgBoutLen_T5,0.599305815137132,0.12866428043815326,0.1838997701819982,-0.0951340315762148,-0.6921582257349603,-0.8459369717812186,1.0,0.07567400444672301,0.5998566703760877
avgBoutLen_T20,0.3230024023534728,-0.8197524714849007,-0.5400519906917851,-0.7838861004396147,-0.18826784142674247,0.5743157117917626,0.07567400444672301,1.0,0.269381739835006
avgBoutLen_T55,-0.08834856027115068,-0.9619595719236012,0.20411165146015842,-0.6311491633539612,0.5398423207326049,-0.23664678275599527,0.5998566703760877,0.269381739835006,1.0
