,duration_T5,duration_T20,duration_T55,numBouts_T5,numBouts_T20,numBouts_T55,avgBoutLen_T5,avgBoutLen_T20,avgBoutLen_T55
duration_T5,1.0,0.5636513339311617,-0.830466191555449,-0.5487623776963653,-0.27941152332735864,0.9932099320479308,0.24743890845293093,0.09953757009044928,-0.46137090577040674
duration_T20,0.5636513339311617,1.0,0.2649940019137611,-0.5486461176399984,0.15724901492211374,0.6081096246285966,0.6804437667515635,0.7819622648454461,-0.4901385676468557
duration_T55,-0.830466191555449,0.2649940019137611,1.0,0.6140584702416512,0.8730429640907043,0.6047111041380493,-0.4642155811113695,0.3582843429084548,0.4946070103819551
numBouts_T5,-0.5487623776963653,-0.5486461176399984,0.6140584702416512,1.0,0.8981866260899922,0.46983026838110753,0.5118814025077401,0.6543952091195548,-0.7070847097791728
numBouts_T20,-0.27941152332735864,0.15724901492211374,0.8730429640907043,0.8981866260899922,1.0,0.875657296448997,0.22502935861156326,0.30865514182440124,-0.434150081663222
numBouts_T55,0.9932099320479308,0.6081096246285966,0.6047111041380493,0.46983026838110753,0.875657296448997,1.0,-0.02999490074744804,-0.21851239554211266,-0.41637842450464135
avgBoutLen_T5,0.24743890845293093,0.6804437667515635,-0.4642155811113695,0.5118814025077401,0.22502935861156326,-0.02999490074744804,1.0,-0.5584938165904441,-0.6373235735551153
avgBoutLen_T20,0.09953757009044928,0.7819622648454461,0.3582843429084548,0.6543952091195548,0.30865514182440124,-0.21851239554211266,-0.5584938165904441,1.0,0.6339715744633985
avgBoutLen_T55,-0.46137090577040674,-0.4901385676468557,0.4946070103819551,-0.7070847097791728,-0.434150081663222,-0.41637842450464135,-0.6373235735551153,0.6339715744633985,1.0
