,duration_T5,duration_T20,duration_T55,numBouts_T5,numBouts_T20,numBouts_T55,avgBoutLen_T5,avgBoutLen_T20,avgBoutLen_T55
duration_T5,1.0,0.9015186306478771,-0.23666087929244695,0.23404713041529557,-0.36691356326173996,0.11423007597667278,-0.3096544283739424,-0.08671421270735258,-0.598628048557025
duration_T20,0.9015186306478771,1.0,0.26210768172128573,-0.9106086573673435,0.586581392332929,0.29137488431425895,0.6121738930526037,0.6091995549667439,0.7733679039589934
duration_T55,-0.23666087929244695,0.26210768172128573,1.0,-0.8269239671645241,-0.6058214799420354,-0.9599843486561137,0.40873338834267026,0.42589571697117523,0.7668589523342515
numBouts_T5,0.23404713041529557,-0.9106086573673435,-0.8269239671645241,1.0,0.7903423458214542,-0.7705108436757733,-0.9956698137112372,0.7235026598415111,-0.08399539701637138
numBouts_T20,-0.36691356326173996,0.586581392332929,-0.6058214799420354,0.7903423458214542,1.0,0.8804267995891726,-0.38771527053902854,0.6972725851747328,-0.9191808439090983
numBouts_T55,0.11423007597667278,0.29137488431425895,-0.9599843486561137,-0.7705108436757733,0.8804267995891726,1.0,-0.4482830862308973,-0.6024998282358986,-0.4421609149733754
avgBoutLen_T5,-0.3096544283739424,0.6121738930526037,0.40873338834267026,-0.9956698137112372,-0.38771527053902854,-0.4482830862308973,1.0,-0.9474887174799689,-0.5063924132941182
avgBoutLen_T20,-0.08671421270735258,0.6091995549667439,0.42589571697117523,0.7235026598415111,0.6972725851747328,-0.6024998282358986,-0.9474887174799689,1.0,0.6651512949911926
avgBoutLen_T55,-0.598628048557025,0.7733679039589934,0.7668589523342515,-0.08399539701637138,-0.9191808439090983,-0.4421609149733754,-0.5063924132941182,0.6651512949911926,1.0
