,duration_T5,duration_T20,duration_T55,numBouts_T5,numBouts_T20,numBouts_T55,avgBoutLen_T5,avgBoutLen_T20,avgBoutLen_T55
duration_T5,1.0,0.4717625657700186,0.48533968481394907,-0.19856925259236302,0.4788491543765516,0.46055011274970026,-0.38742364001476837,0.08700805509304677,0.9910740039307686
duration_T20,0.4717625657700186,1.0,-0.3766949191557889,-0.37675799114366426,-0.5841884576266618,0.8998036710148722,0.7222866644741002,-0.4333103833314853,0.6509105610587256
duration_T55,0.48533968481394907,-0.3766949191557889,1.0,-0.7972656072448876,0.2346718578460112,-0.9385158716814095,0.26931521469622766,0.03015898745518708,0.046578839785091475
numBouts_T5,-0.19856925259236302,-0.37675799114366426,-0.7972656072448876,1.0,0.06693695291868318,-0.6973376883349887,-0.018341915602245296,0.9968685929309669,0.406561109040362
numBouts_T20,0.4788491543765516,-0.5841884576266618,0.2346718578460112,0.06693695291868318,1.0,-0.38294912422043925,-0.7819077681722835,0.8957542812715682,0.23826233141424535
numBouts_T55,0.46055011274970026,0.8998036710148722,-0.9385158716814095,-0.6973376883349887,-0.38294912422043925,1.0,0.3087624876208095,-0.4065550026118965,-0.9767922062966694
avgBoutLen_T5,-0.38742364001476837,0.7222866644741002,0.26931521469622766,-0.018341915602245296,-0.7819077681722835,0.3087624876208095,1.0,-0.9902052132368782,0.03529135291584096
avgBoutLen_T20,0.08700805509304677,-0.4333103833314853,0.03015898745518708,0.9968685929309669,0.8957542812715682,-0.4065550026118965,-0.9902052132368782,1.0,0.6474081227478401
avgBoutLen_T55,0.9910740039307686,0.6509105610587256,0.046578839785091475,0.406561109040362,0.23826233141424535,-0.9767922062966694,0.03529135291584096,0.6474081227478401,1.0
