,duration_T5,duration_T20,duration_T55,numBouts_T5,numBouts_T20,numBouts_T55,avgBoutLen_T5,avgBoutLen_T20,avgBoutLen_T55
duration_T5,1.0,-0.3595650725401993,-0.5535288830422,0.6583671479705682,0.5320398401838822,-0.9500513385279816,0.20079651741972993,0.10651708054824693,0.3429079435047926
duration_T20,-0.3595650725401993,1.0,0.0832299243671728,0.5050226561391737,-0.24393825538940184,-0.1584893764462061,0.2961331269776002,-0.44205009378335003,-0.6662269534151142
duration_T55,-0.5535288830422,0.0832299243671728,1.0,0.9854278244979682,-0.7497658540152643,0.243098298764304,-0.2742563120130186,0.481158284713856,-0.5128642008654825
numBouts_T5,0.6583671479705682,0.5050226561391737,0.9854278244979682,1.0,0.8177298430000695,-0.6215825578387932,-0.8820392574306977,-0.8762618703698279,-0.17039549821243316
numBouts_T20,0.5320398401838822,-0.24393825538940184,-0.7497658540152643,0.8177298430000695,1.0,0.6286472518559179,-0.4920388385261749,0.0011888136340370004,0.43650706813300033
numBouts_T55,-0.9500513385279816,-0.1584893764462061,0.243098298764304,-0.6215825578387932,0.6286472518559179,1.0,0.3016288944214245,0.732613889981937,0.6519147171601507
avgBoutLen_T5,0.20079651741972993,0.2961331269776002,-0.2742563120130186,-0.8820392574306977,-0.4920388385261749,0.3016288944214245,1.0,-0.10947215311454483,-0.1404247212473595
avgBoutLen_T20,0.10651708054824693,-0.44205009378335003,0.481158284713856,-0.8762618703698279,0.0011888136340370004,0.732613889981937,-0.10947215311454483,1.0,-0.37077447665790064
avgBoutLen_T55,0.3429079435047926,-0.6662269534151142,-0.5128642008654825,-0.17039549821243316,0.43650706813300033,0.6519147171601507,-0.1404247212473595,-0.37077447665790064,1.0
