,duration_T5,duration_T20,duration_T55,numBouts_T5,numBouts_T20,numBouts_T55,avgBoutLen_T5,avgBoutLen_T20,avgBoutLen_T55
duration_T5,1.0,-0.7333415848821423,-0.5553092364914565,-0.6741027136942246,0.14636924466298074,-0.5364138791169504,0.7151298584986578,0.18795472795181145,-0.8038043316427226
duration_T20,-0.7333415848821423,1.0,0.9457764426523201,-0.11695300582462775,-0.6591289813298067,-0.5455410455761909,0.7332390323107674,0.9926904035380153,-0.6081613554647971
duration_T55,-0.5553092364914565,0.9457764426523201,1.0,0.27049292591869434,-0.7769286392926218,-0.004256789882047141,-0.19701918013918385,0.8389030307114784,-0.6855003532373891
numBouts_T5,-0.6741027136942246,-0.11695300582462775,0.27049292591869434,1.0,-0.9958535659102818,-0.955414494795267,0.45440368128880415,-0.6850242413277168,-0.8100068983535467
numBouts_T20,0.14636924466298074,-0.6591289813298067,-0.7769286392926218,-0.9958535659102818,1.0,0.2789058932920885,-0.2878285934572262,0.3096500689251487,-0.20301017200433646
numBouts_T55,-0.5364138791169504,-0.5455410455761909,-0.004256789882047141,-0.955414494795267,0.2789058932920885,1.0,-0.636635121797201,0.985858577907915,-0.9031570499819239
avgBoutLen_T5,0.7151298584986578,0.7332390323107674,-0.19701918013918385,0.45440368128880415,-0.2878285934572262,-0.636635121797201,1.0,0.4960271221492285,-0.15342810463397138
avgBoutLen_T20,0.18795472795181145,0.9926904035380153,0.8389030307114784,-0.6850242413277168,0.3096500689251487,0.985858577907915,0.4960271221492285,1.0,-0.6827912027423975
avgBoutLen_T55,-0.8038043316427226,-0.6081613554647971,-0.6855003532373891,-0.8100068983535467,-0.20301017200433646,-0.9031570499819239,-0.15342810463397138,-0.6827912027423975,1.0
