,duration_T5,duration_T20,duration_T55,numBouts_T5,numBouts_T20,numBouts_T55,avgBoutLen_T5,avgBoutLen_T20,avgBoutLen_T55
duration_T5,1.0,-0.27255035693112517,-0.0406830597094745,0.8731870829191519,0.9701713645525398,-0.8709520388823462,-0.14767985542074813,0.7772739207687225,-0.39616464658407113
duration_T20,-0.27255035693112517,1.0,0.5754672437555948,0.8425715309341961,-0.3141375305949494,0.13532376617308994,0.3911421890701803,-0.20585724953257745,-0.8297386469318666
duration_T55,-0.0406830597094745,0.5754672437555948,1.0,0.40765937016426035,0.9053810298449187,-0.9292651571683719,0.3840678948574987,0.5287470184556973,-0.08333698926911937
numBouts_T5,0.8731870829191519,0.8425715309341961,0.40765937016426035,1.0,0.3296496049801163,0.3016154675755438,-0.13549889133984205,0.6670733108245921,0.8173822666404456
numBouts_T20,0.9701713645525398,-0.3141375305949494,0.9053810298449187,0.3296496049801163,1.0,-0.5773914302306931,-0.3917742365812582,-0.8412742276298515,0.2321018853763901
numBouts_T55,-0.8709520388823462,0.13532376617308994,-0.9292651571683719,0.3016154675755438,-0.5773914302306931,1.0,0.8855989751433526,0.8310873678916504,-0.30962696335048934
avgBoutLen_T5,-0.14767985542074813,0.3911421890701803,0.3840678948574987,-0.13549889133984205,-0.3917742365812582,0.8855989751433526,1.0,-0.5780265390967629,0.4499610658117821
avgBoutLen_T20,0.7772739207687225,-0.20585724953257745,0.5287470184556973,0.6670733108245921,-0.8412742276298515,0.8310873678916504,-0.5780265390967629,1.0,-0.4411662035801933
avgBoutLen_T55,-0.39616464658407113,-0.8297386469318666,-0.08333698926911937,0.8173822666404456,0.2321018853763901,-0.30962696335048934,0.4499610658117821,-0.4411662035801933,1.0
